Top queries,Clicks,Impressions,CTR,Position
nash and smash,9216,32193,28.63%,1.47
nash and smashed,2209,7763,28.46%,1.72
nash and smash menu,1351,4705,28.71%,2.71
nash and smashed menu,692,2479,27.91%,2.11
nashed and smashed,658,2073,31.74%,1.84
nash & smashed,574,2373,24.19%,2.18
nash and smashed glen allen va,544,1616,33.66%,1.16
food near me,403,32704,1.23%,8.94
nash and smash silver spring,360,902,39.91%,1.48
nash and smashed hampton,303,1067,28.40%,1.61
nash and smashed blacksburg,281,946,29.70%,2.36
smash and nash,246,816,30.15%,1.63
nash smash,224,841,26.63%,1.57
nash and smash dc,219,824,26.58%,1.45
nash and smash norfolk,216,843,25.62%,1.41
nash and smash ellicott city,210,710,29.58%,1.15
nash and smash abingdon,191,643,29.70%,1.62
nash and smash richmond,171,528,32.39%,1.21
nash & smashed menu,168,906,18.54%,2.77
nash and smash dumfries,148,755,19.60%,2.44
nash and smash manassas park,140,675,20.74%,1.57
nash and smash manassas,134,603,22.22%,2.21
burgers near me,127,4790,2.65%,15.94
mash and smash,120,579,20.73%,1.83
nash n smash,100,558,17.92%,2.14
restaurants near me,99,7599,1.30%,8.91
nash and smashed glen allen va menu,98,1378,7.11%,2.91
nash smashed,95,293,32.42%,1.68
nash and smashed silver spring,94,282,33.33%,1.31
nash & smash,91,392,23.21%,1.69
nash & smashed norfolk,87,432,20.14%,1.36
nash and smashed ellicott city,86,424,20.28%,1.01
nash and smashed richmond va,77,169,45.56%,1.54
nash and smash baltimore,76,335,22.69%,1.56
nash and smash hampton,76,213,35.68%,1.56
nash and smash hampton va,75,258,29.07%,1.41
smash burger,71,2901,2.45%,12.61
nash and smash locations,71,327,21.71%,2.39
nash & smashed silver spring,69,252,27.38%,1.38
nash and smash near me,66,585,11.28%,2.13
nashed and smashed menu,66,130,50.77%,2
nash and smashed norfolk,64,305,20.98%,1.52
mash and smashed,64,201,31.84%,1.68
smash burger near me,60,1994,3.01%,10.66
fast food near me,59,4457,1.32%,4.2
nash & smashed baltimore,58,369,15.72%,1.26
mashed and smashed,53,184,28.80%,3.14
nash and smash lorton,53,107,49.53%,1.64
nash smash burger,49,215,22.79%,1.81
nash and smash lorton va,47,140,33.57%,1.32
nash and smash woodbridge,46,208,22.12%,1.26
halal food near me,45,4075,1.10%,21.35
burger near me,44,1368,3.22%,15.14
nash and smashed hampton menu,41,492,8.33%,3.87
nash and smashed manassas park,40,304,13.16%,1.54
nash and smash silver spring md,40,145,27.59%,1.97
nash and smashed lorton,40,91,43.96%,1.56
nash and smashed glen allen,39,98,39.80%,1.64
nash and smash abingdon md,38,176,21.59%,1.77
smashburger,37,1534,2.41%,12.23
nash burger,37,483,7.66%,6.99
smash n nash,37,153,24.18%,2.18
smash burgers near me,36,1425,2.53%,8.3
nash and smash website,35,84,41.67%,1.99
nash and smashed dumfries,34,156,21.79%,1.99
nash & smashed glen allen va,34,114,29.82%,1.35
smash burger abingdon md,34,97,35.05%,2.1
nash and smash glen allen va,33,119,27.73%,1.36
nash and mashed,33,118,27.97%,1.25
smashed and nash,33,90,36.67%,1.63
nash and smash burger,32,102,31.37%,1.57
hash and smashed,31,112,27.68%,1.82
nashed and smashed glen allen,31,79,39.24%,1.06
nash and smash woodbridge va,30,108,27.78%,1.49
nashed and smashed norfolk,30,74,40.54%,1.61
nash and mash,29,202,14.36%,3.66
nash and smashed hampton va,29,104,27.88%,1.83
nashandsmashed,29,85,34.12%,2.13
smash burger richmond va,27,383,7.05%,6.04
smash burger manassas va,27,143,18.88%,2.17
nash n smashed,27,117,23.08%,1.56
nashandsmash,27,59,45.76%,1.63
nash and smashed baltimore,26,136,19.12%,1.84
nash and smashed richmond,26,67,38.81%,1.48
nash & smashed dumfries,25,214,11.68%,1.83
nash and smash richmond va,25,86,29.07%,1.26
fried chicken near me,24,1469,1.63%,39.43
smash burgers,24,679,3.53%,11.41
nash ans smash,24,71,33.80%,1.63
5030 connecticut ave nw,23,285,8.07%,4.49
nash and smashed dc,23,83,27.71%,1.13
nash and dash,23,77,29.87%,2.29
nash and smashes,23,69,33.33%,1.33
food,22,1728,1.27%,8.5
nash and smahed,22,90,24.44%,1.61
nash & smashed dumfries menu,21,424,4.95%,3.67
smash burger woodbridge va,21,152,13.82%,4.74
nash and smash abingdon md opening date,21,107,19.63%,3.28
nash and smash halal,21,100,21%,1.97
nash & smashed hampton,21,76,27.63%,1.29
nash and smashed calories,21,39,53.85%,2
nash & smashed manassas park,20,125,16%,1.51
nash smash menu,20,51,39.22%,1.9
nash and smashed arlington,20,38,52.63%,2
nash and smash nutrition facts,20,36,55.56%,1.83
smash burger baltimore,19,524,3.63%,4.95
nash burgers,19,122,15.57%,4.11
smash nash,19,96,19.79%,2.12
nas and smash,19,87,21.84%,1.57
nash smash burgers,19,62,30.65%,1.69
gnash and smash,19,58,32.76%,1.38
nash and smah,19,55,34.55%,1.44
smash and nash menu,19,49,38.78%,2.18
nash and smashed locations,18,99,18.18%,1.75
smash burger silver spring,18,79,22.78%,1.43
nash and.smash,18,52,34.62%,1.25
nash and smashed website,18,42,42.86%,1.43
nash and smashed nutrition,18,32,56.25%,1.91
chicken near me,17,600,2.83%,28.45
"nash and smash dumfries, va",17,99,17.17%,1.91
mashed and smashed restaurant,17,64,26.56%,1.95
nash and smash calories,17,39,43.59%,4.15
nash smashed menu,17,36,47.22%,1.5
nash and smash rock hill sc,17,33,51.52%,1.15
burger places near me,16,1304,1.23%,28.48
smashburger near me,16,846,1.89%,11.35
nash & smashed norfolk menu,16,295,5.42%,3.56
peri peri original,16,265,6.04%,2.85
nash and smashed manassas,16,164,9.76%,1.7
nash and smash four corners,16,60,26.67%,1.55
nash and smash maryland,16,58,27.59%,2.12
nash and smash reston,16,51,31.37%,3.18
nashed and smashed silver spring,16,35,45.71%,1.06
places to eat near me,15,1299,1.15%,8.78
lunch near me,15,736,2.04%,7.93
best burgers near me,15,665,2.26%,27.67
burgers,15,376,3.99%,6.67
smashed burger,15,352,4.26%,39.61
nash and smashed glen allen va photos,15,260,5.77%,2.59
nash and smashed near me,15,178,8.43%,1.79
nash and smash herndon,15,94,15.96%,1.71
smash burger short pump,15,64,23.44%,2.02
nash&smashed,15,50,30%,1.7
smash burger chelmsford,14,89,15.73%,3.2
nash and smashed halal,14,87,16.09%,2.24
mash and smash menu,14,76,18.42%,2.84
nash and smashed blacksburg menu,14,55,25.45%,1.98
nash and smashed nutrition pdf,14,40,35%,1.93
best burger near me,13,537,2.42%,34.32
nash and smash blacksburg,13,86,15.12%,2.8
nash and smash norfolk va,13,84,15.48%,5.1
nash and smash bel air,13,48,27.08%,1.5
nashed and smashed near me,13,48,27.08%,1.6
nash and smashed albany ny,13,43,30.23%,1.28
nash and snash,13,30,43.33%,1.2
food open near me,12,1048,1.15%,7.33
fast food,12,844,1.42%,5.93
chicken sandwich near me,12,578,2.08%,23.06
peri peri ellicott city,12,79,15.19%,1.9
nash and smash menu near me,12,79,15.19%,2.41
smash burger blacksburg,12,70,17.14%,5.01
smash burger silver spring md,12,47,25.53%,1.6
nashed and smashed richmond va,12,45,26.67%,1.49
nash ans smashed,12,39,30.77%,1.77
nash and smash arlington va,12,38,31.58%,1.24
nash smash silver spring,12,35,34.29%,1.06
nash&smash,12,30,40%,1.47
food places near me,11,1363,0.81%,8.18
food near me open now,11,1011,1.09%,7.52
nash and smash virginia,11,41,26.83%,1.44
nash and smash columbia md,11,37,29.73%,2.32
nashed and smash,11,36,30.56%,1.64
nash and smash short pump,11,29,37.93%,1.21
takeout food near me,10,432,2.31%,7.38
burger,10,425,2.35%,6.8
new restaurants richmond va,10,242,4.13%,1.5
smash and mash,10,54,18.52%,5.41
nash and smash franchise cost,10,37,27.03%,1.89
nash and smash burgers,10,35,28.57%,1.43
nashed and smashed hampton va,10,31,32.26%,1.71
nash & smashed photos,9,558,1.61%,3.14
soul food near me,9,276,3.26%,10.92
nash & smashed baltimore menu,9,225,4%,3.75
turkey burger near me,9,198,4.55%,22.4
nashville smash burger,9,136,6.62%,6.12
peri peri,9,99,9.09%,2.53
"nash and smash hampton, va",9,46,19.57%,1.39
nash smash manassas park,9,45,20%,1.29
nash and smash lorton va opening date,9,29,31.03%,2.93
nash n smash menu,9,22,40.91%,1.45
nash and smash manassas park menu,9,22,40.91%,3.18
nash and smash photos,8,230,3.48%,4.04
nash & smashed washington,8,75,10.67%,1.03
turkey burgers near me,8,60,13.33%,21.25
nash & smashed hampton menu,8,50,16%,3.98
nash and smash silver spring menu,8,30,26.67%,4.23
smash burger dumfries va,8,28,28.57%,2.11
nas and smashed,8,24,33.33%,1.17
hand smashed burgers,8,23,34.78%,1.39
nash and smash franchise,8,18,44.44%,2.28
nash amd smashed,8,16,50%,1.69
wings near me,7,232,3.02%,7.21
chicken tenders near me,7,200,3.50%,19.18
sandwiches near me,7,184,3.80%,7.78
smashed chelmsford,7,131,5.34%,2.16
nash & smashed silver spring menu,7,131,5.34%,3.12
best smash burger baltimore,7,123,5.69%,6.33
nash and smashed manassas park menu,7,121,5.79%,2.76
nash and,7,91,7.69%,3.99
"nash and smashed glen allen, va menu",7,66,10.61%,2.52
nash burger near me,7,63,11.11%,3.21
nash and smashed herndon menu,7,52,13.46%,3.83
nash and smashed washington,7,44,15.91%,1.61
mash and smash near me,7,38,18.42%,1.5
nash and smash connecticut ave,7,23,30.43%,1.22
nash and smash bel air md,7,21,33.33%,1.9
smashed burgers near me,6,398,1.51%,12.53
milkshakes near me,6,308,1.95%,6.37
smash and dash,6,278,2.16%,11.76
mac and cheese near me,6,151,3.97%,3.19
vegan food near me,6,91,6.59%,11.3
chicken tenders,6,81,7.41%,6.41
mashed potatoes near me,6,77,7.79%,5.39
nash and smash restaurant,6,41,14.63%,1.61
ash and smash,6,41,14.63%,2.54
nash and smashed menu pdf,6,40,15%,2.48
nash amd smash,6,37,16.22%,1.51
mash smash burger,6,36,16.67%,2.67
smashed burger chelmsford,6,35,17.14%,1.49
nash & smash menu,6,32,18.75%,3.62
nash and smahs,6,31,19.35%,1.61
nash and smashed herndon,6,25,24%,1.6
nash and smashed norfolk va,6,24,25%,1.21
nash and snashed,6,19,31.58%,1.68
nash.and smash,6,18,33.33%,1.17
smash and mash restaurant,6,13,46.15%,2.46
nash and smashed blacksburg va,6,12,50%,1.33
nash and smash careers,6,10,60%,1.1
halal restaurants near me,5,1114,0.45%,27.32
halal near me,5,505,0.99%,30.13
hamburger near me,5,408,1.23%,41.36
best food near me,5,331,1.51%,8.8
burger place near me,5,283,1.77%,29.91
hamburgers near me,5,232,2.16%,28.04
nash chicken,5,152,3.29%,6.92
nashburger,5,98,5.10%,5.45
smashburgers near me,5,93,5.38%,7.04
is nash and smashed halal,5,89,5.62%,2.09
chicken and waffles near me,5,79,6.33%,8.9
best hamburger near me,5,73,6.85%,15.33
nash and smash dumfries va,5,68,7.35%,1.76
smash and smash,5,51,9.80%,4.12
best burgers short pump,5,35,14.29%,2.6
nash mash restaurant,5,34,14.71%,1.68
nadh and smash,5,17,29.41%,1.47
nash and smash glen allen,5,11,45.45%,1.09
nash and smash alexandria va,5,9,55.56%,1.11
nash,4,938,0.43%,35.79
halal burger near me,4,594,0.67%,17.73
burger restaurants near me,4,314,1.27%,32.15
chevy chase restaurants,4,308,1.30%,6.02
good food near me,4,298,1.34%,8.51
food nearby,4,244,1.64%,9.2
halal food,4,241,1.66%,8.99
smash burger hampton va,4,225,1.78%,7.25
best smash burgers near me,4,187,2.14%,16.15
good burgers near me,4,177,2.26%,15.26
best smash burger near me,4,161,2.48%,8.97
glen allen restaurants,4,126,3.17%,3.25
restaurants glen allen va,4,126,3.17%,3.94
restaurants in glen allen va,4,110,3.64%,6.73
smash burgers richmond va,4,105,3.81%,6.44
smashed burgers,4,104,3.85%,34.39
new restaurants near me,4,87,4.60%,2.33
milkshake near me,4,85,4.71%,4.64
bash and smash,4,68,5.88%,6.37
nash and smashed menu with prices,4,58,6.90%,7.21
peri peri original & kallisto steakhouse,4,54,7.41%,3.44
halal munchies norfolk,4,48,8.33%,2.88
peri peri original ellicott city,4,48,8.33%,3.54
nash & smashed washington menu,4,39,10.26%,3.9
peri peri chicken,4,35,11.43%,4.83
nash and smash menu with prices pdf,4,32,12.50%,2.75
nashsmash,4,31,12.90%,1.74
smash burgers norfolk,4,28,14.29%,6.39
nash and smash menu pdf,4,27,14.81%,2.48
nash and smash blacksburg va,4,23,17.39%,2.43
nash and smashed abingdon,4,21,19.05%,4.33
halal food short pump,4,17,23.53%,4.12
nash and smash hampton virginia,4,14,28.57%,1.93
nash and smash manassas park opening date,4,14,28.57%,5.43
nash smash near me,4,11,36.36%,2.18
nash and mash menu,4,11,36.36%,3.82
restaurant near me,3,578,0.52%,9.21
halal burgers near me,3,414,0.72%,29.42
halal burgers,3,320,0.94%,33.51
food near me open,3,313,0.96%,8.17
dinner near me,3,258,1.16%,9.31
burger spots near me,3,192,1.56%,14.64
restaurants open near me,3,175,1.71%,8.27
fast food open near me,3,167,1.80%,5.1
food around me,3,164,1.83%,8.96
cheeseburger near me,3,164,1.83%,19.98
halal smash burger near me,3,162,1.85%,10.25
fast food restaurants near me,3,150,2%,3.8
nash and smash menu with prices,3,142,2.11%,7.46
nash & smashed reviews,3,141,2.13%,6.35
fried chicken,3,127,2.36%,10.17
is nash and smash halal,3,118,2.54%,2.13
smashed and pressed manassas,3,117,2.56%,7.75
best burgers richmond va,3,117,2.56%,9.85
fast food near me open now,3,114,2.63%,4.64
takeout restaurants near me,3,90,3.33%,7.11
subs near me,3,87,3.45%,6.06
best burgers in baltimore,3,85,3.53%,11.84
hash and smash,3,77,3.90%,5.62
peninsula town center restaurants,3,75,4%,16.05
loaded fries near me,3,65,4.62%,5.57
chicken sandwich,3,62,4.84%,7.85
veggie burger near me,3,62,4.84%,33.92
mooyah near me,3,55,5.45%,2.76
best burgers hampton va,3,51,5.88%,9.22
nash & smashed norfolk photos,3,49,6.12%,2.78
smash,3,48,6.25%,7.4
smash burger glen burnie,3,47,6.38%,7.96
smash burgers norfolk va,3,45,6.67%,6
places to eat glen allen va,3,44,6.82%,1.82
restaurants chevy chase dc,3,42,7.14%,5.52
smash burger manassas,3,38,7.89%,2.87
smash and dash burgers,3,37,8.11%,7.54
good burger near me,3,36,8.33%,20.81
nash and smashed burger,3,35,8.57%,1.54
lunch glen allen va,3,31,9.68%,5.87
onion rings near me,3,30,10%,2.6
mash burger,3,27,11.11%,16.89
peri peri colesville,3,21,14.29%,5.19
nash and smashed norfolk menu,3,17,17.65%,4.76
smash burger ellicott city,3,15,20%,7.67
cheeseburger,3,14,21.43%,4.21
new restaurants in short pump va,3,13,23.08%,1
nash & smashed blacksburg,3,13,23.08%,1.54
nashed and mashed,3,13,23.08%,1.62
nash and smashed chelmsford,3,13,23.08%,2.08
bacon cheese fries near me,3,12,25%,1.67
nash and smach,3,9,33.33%,1.89
nash and smash washington dc,3,8,37.50%,1
nash and smash manassas park va,3,8,37.50%,1.62
woodmoor shopping center directory,3,7,42.86%,1
nash burgers and grill,3,7,42.86%,4.57
smashed rva,2,1158,0.17%,7.84
halal restaurant near me,2,876,0.23%,22.21
smashed,2,814,0.25%,13.8
halal burger,2,346,0.58%,28.5
chicken burger near me,2,329,0.61%,32.65
restaurants,2,273,0.73%,9.65
halal fried chicken near me,2,265,0.75%,44.07
restaurants near me open now,2,262,0.76%,7.56
best fried chicken near me,2,233,0.86%,41.04
smash burger alexandria va,2,231,0.87%,6.9
food.near me,2,204,0.98%,3.98
halal food places near me,2,180,1.11%,36.29
7th street burger baltimore,2,178,1.12%,2.8
fast food hampton va,2,163,1.23%,5.51
best smash burger in nashville,2,150,1.33%,7.8
best restaurants near me,2,148,1.35%,8.91
federal hill restaurants,2,133,1.50%,21.34
burger spot near me,2,105,1.90%,18.96
restaurants henrico va,2,100,2%,5.52
burgers chelmsford,2,91,2.20%,6.55
burger chelmsford,2,90,2.22%,6.02
wanna smash burger baltimore,2,87,2.30%,5.54
best burger in baltimore,2,87,2.30%,10.28
restaurants in glen allen,2,83,2.41%,5.94
lunch specials near me,2,83,2.41%,8.47
nash and smashed manassas park reviews,2,75,2.67%,6.49
waffles near me,2,75,2.67%,6.57
smash burgers baltimore,2,73,2.74%,5.21
smash burger fairfax,2,71,2.82%,8.15
burgers norfolk va,2,71,2.82%,10.72
best chicken sandwich near me,2,70,2.86%,28.9
glen allen va restaurants,2,68,2.94%,4.03
chicken wings near me,2,66,3.03%,6.85
food open on thanksgiving,2,66,3.03%,6.89
food near me hampton va,2,65,3.08%,11.06
food near me within 5 mi,2,64,3.12%,7.08
chicken and waffles,2,64,3.12%,7.42
mashed burgers near me,2,62,3.23%,8.68
food glen allen va,2,60,3.33%,2.1
nash and smashed hampton photos,2,60,3.33%,3.82
friendship heights restaurants,2,57,3.51%,4.65
smashed and pressed burger,2,55,3.64%,5.16
fried chicken hampton va,2,54,3.70%,9.04
food in glen allen va,2,51,3.92%,2.22
burgers short pump,2,51,3.92%,3.2
smashers burgers,2,51,3.92%,17.53
burger manassas,2,50,4%,5.54
chicken restaurants near me,2,50,4%,8.38
smashed near me,2,48,4.17%,16.35
best smash burger dc,2,47,4.26%,4.06
food place near me,2,44,4.55%,17.7
burger restaurants chelmsford,2,43,4.65%,8.79
smash burger halal near me,2,42,4.76%,8.52
smashburgers,2,41,4.88%,23.93
burgers in manassas,2,40,5%,8.25
french fries near me,2,39,5.13%,2.41
restaurants innsbrook va,2,39,5.13%,3
lunch places near me,2,39,5.13%,7.44
burger restaurants richmond va,2,35,5.71%,7.86
best burger manassas va,2,35,5.71%,8.46
fish sandwich near me,2,34,5.88%,5.76
best burgers chelmsford,2,34,5.88%,7.94
best burgers silver spring,2,34,5.88%,8.5
innsbrook restaurants,2,31,6.45%,5.03
turf valley restaurants,2,30,6.67%,9.77
smash burger norfolk,2,29,6.90%,5.45
restaurants in chevy chase dc,2,29,6.90%,7.21
turkey wings near me,2,29,6.90%,8.62
mooyah,2,28,7.14%,1.93
smash and nash hampton va,2,26,7.69%,1.38
best fast food near me,2,26,7.69%,15.19
smashers,2,25,8%,2.12
best places to eat near me,2,25,8%,8.8
best chicken tenders near me,2,25,8%,9.84
loaded fries,2,22,9.09%,3.86
nashed,2,22,9.09%,33.82
best burger in short pump,2,21,9.52%,2.76
burgers in silver spring,2,21,9.52%,5.19
fried chicken manassas va,2,21,9.52%,14.14
burger places norfolk va,2,20,10%,9.1
peri peri catonsville,2,19,10.53%,1
smash burgers richmond,2,19,10.53%,5.89
new restaurants glen allen va,2,18,11.11%,4.17
chicken smash burger,2,18,11.11%,13.72
fried oreos near me,2,16,12.50%,2.88
best fast food,2,16,12.50%,4.75
restaurants on connecticut ave,2,16,12.50%,5
nash and dmash,2,14,14.29%,1.57
nash and smash manassas va,2,13,15.38%,1.69
lunch restaurants near me,2,13,15.38%,6.62
nash and smashed reston,2,12,16.67%,1.58
nash smash dumfries,2,12,16.67%,2
french dip near me,2,11,18.18%,2.27
things to eat,2,11,18.18%,2.73
cheese fries,2,11,18.18%,3.64
best burger place near me,2,11,18.18%,5.82
burger places norfolk,2,11,18.18%,9
cheap burgers near me,2,11,18.18%,34.27
restaurants on connecticut ave dc,2,10,20%,2.6
hash and mash,2,9,22.22%,6.89
mash potatoes near me,2,9,22.22%,8.78
smashers burgers and fries,2,9,22.22%,9
beyond burger near me,2,9,22.22%,34.78
new restaurants in richmond virginia,2,8,25%,1.5
"best restaurants in glen allen, va",2,8,25%,1.75
portuguese food near me,2,8,25%,4.12
chicken & waffles near me,2,8,25%,5.62
nashed and smashed baltimore,2,7,28.57%,1.86
delicious food near me,2,7,28.57%,3.43
nash and smash ellicott city md,2,6,33.33%,1
nash and smash nutrition facts pdf,2,6,33.33%,1.83
fried mac and cheese,2,6,33.33%,2.17
burger deals near me,2,6,33.33%,3
four corners silver spring restaurants,2,6,33.33%,5.17
nash and smash chelmsford,2,5,40%,1.6
french dip sandwich near me,2,5,40%,3
mash and smashed restaurant,2,5,40%,3.4
smash burgers nesr me,2,4,50%,4.25
nash and smash woodmoor,2,3,66.67%,1.33
best cheese fries,2,3,66.67%,2.33
food near me for pick up,2,2,100%,1
mashed potatoes restaurant near me,2,2,100%,1
nash and mash restaurant,2,2,100%,1.5
fast food delivery near me,2,2,100%,2
nash and smashed glen allen va reviews,1,383,0.26%,6.66
nashs,1,305,0.33%,8.73
nash and smash huddersfield,1,261,0.38%,6.6
nashville burger,1,240,0.42%,12.19
fast food open on thanksgiving,1,223,0.45%,5.19
halal smash burgers near me,1,222,0.45%,24.59
smash burger virginia beach,1,204,0.49%,6.18
smashed burger near me,1,203,0.49%,26.74
spicy chicken sandwich near me,1,193,0.52%,52.44
food spots near me,1,172,0.58%,9.22
chicken sandwiches near me,1,171,0.58%,42.39
burgers hampton va,1,167,0.60%,5.08
best smash burger,1,161,0.62%,64.63
nash and smashed photos,1,158,0.63%,3.16
food places,1,158,0.63%,7.84
halal fast food near me,1,156,0.64%,47.71
places to eat,1,146,0.68%,7.79
fast food manassas va,1,145,0.69%,8.9
dine-in restaurants near me,1,143,0.70%,8.78
halal restaurants,1,139,0.72%,53.37
food places open near me,1,136,0.74%,7.93
restaurants near me open,1,132,0.76%,8.61
burger places,1,131,0.76%,7.64
halal food baltimore,1,130,0.77%,7.74
burger joints near me,1,126,0.79%,25.16
naz halal,1,125,0.80%,12.78
halal,1,123,0.81%,8.91
nash food,1,119,0.84%,7.82
halal smash burger,1,115,0.87%,12.5
smashed restaurant,1,114,0.88%,12.25
halal food nashville,1,111,0.90%,8.39
food near me now,1,109,0.92%,3.83
delivery food near me,1,109,0.92%,7.54
restaurant,1,108,0.93%,10.11
gourmet burgers near me,1,96,1.04%,56.11
burgers woodbridge va,1,91,1.10%,9.3
smash burger halal,1,89,1.12%,25.78
smash burger bel air md,1,88,1.14%,8.08
mash burger near me,1,88,1.14%,9.06
restaurants open on thanksgiving,1,88,1.14%,9.88
fast food manassas,1,88,1.14%,10.51
best burger richmond va,1,85,1.18%,10.44
restaurant abingdon va,1,83,1.20%,31.92
halal food near me open now,1,82,1.22%,13.33
cheap food near me,1,79,1.27%,7.1
fried chicken sandwich near me,1,77,1.30%,30
halal food manassas va,1,75,1.33%,8.12
nashville hot chicken,1,75,1.33%,63.16
food to eat near me,1,74,1.35%,10.76
good hamburgers near me,1,74,1.35%,32.78
best halal food near me,1,74,1.35%,33.38
restaurants near glen allen va,1,73,1.37%,5.67
food near me within 0.2 mi,1,72,1.39%,6.24
nash & smashed glen allen va photos,1,71,1.41%,2.45
fries near me,1,71,1.41%,2.77
places to eat near me open now,1,71,1.41%,6.24
smashed essex,1,70,1.43%,9.9
restaurants near odu,1,70,1.43%,11.6
food restaurants near me,1,69,1.45%,8.99
hamburger restaurants near me,1,69,1.45%,42.16
best spicy chicken sandwich near me,1,68,1.47%,37.37
fast food baltimore,1,67,1.49%,7.15
burgers virginia beach,1,66,1.52%,10.41
halal chicken near me,1,66,1.52%,29.33
hot chicken sandwich near me,1,65,1.54%,31.2
cheeseburgers near me,1,65,1.54%,44.37
smashburger locations,1,62,1.61%,6.85
fast food norfolk va,1,62,1.61%,7.89
burger restaurant,1,62,1.61%,23.02
quick food near me,1,61,1.64%,1.93
burgers and bites,1,61,1.64%,8.7
food manassas,1,61,1.64%,15.54
smashburger baltimore,1,60,1.67%,7.08
takeout near me,1,58,1.72%,6.97
mash chicken,1,58,1.72%,7.24
food near silver spring md,1,57,1.75%,13.95
smash burger richmond,1,56,1.79%,8.82
best burger baltimore,1,56,1.79%,10.98
fast food restaurants,1,55,1.82%,4.04
best lunch near me,1,54,1.85%,6.69
restaurants nearby,1,54,1.85%,6.72
good restaurants near me,1,54,1.85%,7.5
delivery near me,1,54,1.85%,7.59
best hamburgers near me,1,54,1.85%,16.57
best burgers norfolk va,1,52,1.92%,10.19
new restaurants in richmond va,1,50,2%,3.16
food silver spring,1,50,2%,10.38
food near glen allen va,1,48,2.08%,2.35
smash burger laurel md,1,48,2.08%,4.85
restaurants in henrico va,1,48,2.08%,7.42
best burger in richmond,1,48,2.08%,13.48
smash near me,1,48,2.08%,14.25
smoothies near me,1,47,2.13%,7.85
burger places open near me,1,47,2.13%,60.36
14572 potomac mills road,1,46,2.17%,6.67
best burger woodbridge va,1,46,2.17%,8.37
lunch,1,46,2.17%,8.61
wanna smash burger,1,46,2.17%,9.72
food hampton va,1,46,2.17%,12.91
food spots,1,45,2.22%,8.82
burger places richmond va,1,44,2.27%,8.32
nash & smashed baltimore photos,1,43,2.33%,2.09
milkshake,1,43,2.33%,6.14
food near me within 1 mi,1,43,2.33%,7.56
smash burger rva,1,43,2.33%,8.26
best burgers in richmond va,1,43,2.33%,9.7
food near hampton coliseum,1,43,2.33%,12.37
hash n smash,1,42,2.38%,5.6
top rated restaurants near me,1,42,2.38%,7.52
best burger silver spring,1,42,2.38%,9.33
best burgers in maryland,1,42,2.38%,15.24
smash restaurant,1,42,2.38%,20.5
smash burger reston,1,41,2.44%,4.76
restaurants glen allen,1,40,2.50%,1.95
dash and smash,1,40,2.50%,4.78
nash and smash hours,1,40,2.50%,5.25
smash chicken,1,40,2.50%,14.22
best fried chicken in connecticut,1,39,2.56%,11.21
best smash burger in dc,1,38,2.63%,5.66
smash burger norfolk va,1,38,2.63%,6.21
takeout places to eat near me,1,38,2.63%,7.03
burger richmond va,1,38,2.63%,8.37
manassas park restaurants,1,38,2.63%,9.95
food in federal hill,1,38,2.63%,11.24
fast casual near me,1,37,2.70%,3.38
best smashburger in nashville,1,37,2.70%,7.62
restaurants in peninsula town center,1,37,2.70%,18.86
steakhouse near me,1,36,2.78%,10.39
fried chicken baltimore,1,36,2.78%,11.94
mac and cheese,1,35,2.86%,3.14
burger places hampton va,1,35,2.86%,4.09
restaurants near me now,1,34,2.94%,4.94
things to eat near me,1,34,2.94%,5.12
burger places in hampton va,1,34,2.94%,6.62
best halal food baltimore,1,34,2.94%,7.38
dine-in food near me open now,1,34,2.94%,7.91
best burgers manassas va,1,34,2.94%,8.35
fast food in hampton,1,34,2.94%,8.38
baltimore halal food,1,34,2.94%,12
smashburger menu,1,34,2.94%,19.09
restaurants in glen allen virginia,1,33,3.03%,8.97
restaurants in manassas park,1,33,3.03%,10.76
quick bites near me,1,33,3.03%,14.39
new restaurants in richmond,1,32,3.12%,2.81
burger short pump,1,32,3.12%,3.41
mac n cheese near me,1,32,3.12%,4.69
open near me,1,32,3.12%,4.84
dinner,1,32,3.12%,7.22
burger restaurants,1,32,3.12%,8.94
best smash burger richmond va,1,31,3.23%,9.23
best burger in norfolk,1,31,3.23%,9.61
halal smash burgers,1,31,3.23%,17.87
smash burger rock hill sc,1,30,3.33%,6.67
halal places to eat near me,1,30,3.33%,29.9
fried wings near me,1,30,3.33%,49.07
smash burger woodbridge,1,29,3.45%,3.79
food challenges near me,1,29,3.45%,7.31
restaurants in innsbrook glen allen va,1,29,3.45%,7.72
burgers in norfolk va,1,29,3.45%,9.14
food fed hill,1,29,3.45%,10.41
burgers in manassas va,1,28,3.57%,9.14
restaurants federal hill baltimore,1,28,3.57%,18.96
chevy chase restaurants dc,1,26,3.85%,3.23
nash and smash promo code,1,26,3.85%,3.81
smash burger ct,1,26,3.85%,8.85
food near here,1,26,3.85%,9.27
chicken hampton va,1,26,3.85%,10.04
food in fed hill,1,26,3.85%,10.27
takeout food,1,26,3.85%,10.38
shawarma near me,1,26,3.85%,12.58
fish and chips near me,1,26,3.85%,13.58
food ellicott city,1,26,3.85%,18.73
cheese burger near me,1,25,4%,4.96
smash burger bethesda,1,25,4%,7.92
nash & smashed glen allen va menu,1,24,4.17%,3.08
hamburger,1,24,4.17%,5.25
smash smash,1,24,4.17%,9.88
burger baltimore,1,24,4.17%,11.42
chicken place near me,1,24,4.17%,26.88
manassas park,1,24,4.17%,53.12
restaurants short pump,1,23,4.35%,4.83
nash restaurant menu,1,23,4.35%,6.61
best wings near me,1,23,4.35%,6.83
hot dog,1,23,4.35%,7.74
food near me norfolk va,1,23,4.35%,10.3
best fried chicken baltimore,1,23,4.35%,18.96
burgers near,1,23,4.35%,28.26
good fast food near me,1,22,4.55%,2.09
cornbread near me,1,22,4.55%,6.59
smash burger dumfries,1,22,4.55%,7.5
best fried chicken woodbridge va,1,22,4.55%,8.41
best burgers montclair,1,22,4.55%,11.55
burgers near me now,1,22,4.55%,13.36
herndon restaurants,1,22,4.55%,17.55
nando's peri peri,1,21,4.76%,4.86
nash burger menu,1,21,4.76%,4.95
good smash burgers near me,1,21,4.76%,8.19
best burger in maryland,1,21,4.76%,10.38
halal restaurant baltimore,1,21,4.76%,10.76
restaurants in white oak md,1,21,4.76%,12.1
glen allen virginia restaurants,1,21,4.76%,23.14
nash and smashed silver spring menu,1,20,5%,3.65
delivery restaurants near me,1,20,5%,4.5
sweet potato fries near me,1,20,5%,7.15
burger warrenton va,1,20,5%,7.3
dine-in food,1,20,5%,9.85
baltimore burgers,1,20,5%,11.6
halal restaurant in virginia,1,20,5%,14.75
nash & smashed manassas park menu,1,19,5.26%,3.16
grilled chicken sandwich near me,1,19,5.26%,5.21
spicy chicken sandwich,1,19,5.26%,6.63
smash and,1,19,5.26%,8.74
sliders near me,1,18,5.56%,3.44
food in short pump va,1,18,5.56%,3.67
grilled cheese near me,1,18,5.56%,6
smash burger fairfax va,1,18,5.56%,7.11
best burger in woodbridge va,1,18,5.56%,7.44
restaurants near friendship heights,1,18,5.56%,8.78
fast food short pump,1,18,5.56%,10.61
halal nashville hot chicken near me,1,18,5.56%,11.83
restaurants in manassas park va,1,18,5.56%,13
dessert,1,17,5.88%,5.35
kid friendly restaurants near me,1,17,5.88%,7
smashed restaurant near me,1,17,5.88%,8.29
carryout near me,1,17,5.88%,8.41
buffalo wings near me,1,17,5.88%,8.65
monarch way restaurants,1,17,5.88%,9.06
best burgers nashville,1,17,5.88%,13.94
burger newport news,1,17,5.88%,16.82
restaurants in fed hill,1,17,5.88%,17.82
restaurants in old town manassas,1,17,5.88%,30.47
new restaurants catonsville,1,16,6.25%,1.12
salads near me,1,16,6.25%,2.44
nash and bash,1,16,6.25%,3.56
best fried chicken,1,16,6.25%,4.75
hamburgers,1,16,6.25%,6.12
fried chicken chelmsford,1,16,6.25%,6.88
fast food baltimore md,1,16,6.25%,7.94
restaurants hampton blvd norfolk va,1,16,6.25%,9.44
burger places in norfolk,1,16,6.25%,9.69
federal hill food,1,16,6.25%,16.25
peri peri halal,1,16,6.25%,20.88
impossible burger near me,1,16,6.25%,35.88
peri peri original x kallisto steakhouse,1,15,6.67%,1
new restaurant near me,1,15,6.67%,2.2
onion rings,1,15,6.67%,4
food by me,1,15,6.67%,6.53
restaurants in innsbrook va,1,15,6.67%,6.8
best chicken wings near me,1,15,6.67%,7.87
best burger in bethesda,1,15,6.67%,11.67
smash birger,1,15,6.67%,15.67
in and out burger near me,1,15,6.67%,15.8
chicken smash,1,15,6.67%,27.8
"restaurants near glen allen, va",1,14,7.14%,2.71
peri peri ellicott city md,1,14,7.14%,3.07
best burger short pump,1,14,7.14%,3.71
new food near me,1,14,7.14%,4.5
chicken nuggets near me,1,14,7.14%,5.43
restaurants open now,1,14,7.14%,7.64
nashville halal fried chicken,1,14,7.14%,9.29
"food near me hampton, va",1,14,7.14%,9.71
best chicken near me,1,14,7.14%,9.86
best hamburger richmond va,1,14,7.14%,12.64
restaurants peninsula town center,1,14,7.14%,13.21
restaurants woodbridge va,1,14,7.14%,37.93
restaurants in silver spring,1,14,7.14%,59.86
places to.eat near me,1,13,7.69%,4.54
shakes near me,1,13,7.69%,5.62
waffle,1,13,7.69%,6.69
best smash burger in maryland,1,13,7.69%,7.15
smash n,1,13,7.69%,7.23
restaurants open late,1,13,7.69%,7.92
peri peri restaurant,1,13,7.69%,8.08
food norfolk va,1,13,7.69%,8.92
smashburger places near me,1,13,7.69%,12.08
hot chicken alexandria va,1,13,7.69%,12.92
best burgers columbia md,1,13,7.69%,13.54
"restaurants in hampton, va near coliseum",1,13,7.69%,18.46
smashed food,1,13,7.69%,28.23
restaurants hampton va,1,13,7.69%,52.69
takeout restaurant near me,1,12,8.33%,2.25
restaurants innsbrook,1,12,8.33%,2.42
cheeseburger sub near me,1,12,8.33%,3.5
fast food open now near me,1,12,8.33%,4.75
grilled chicken near me,1,12,8.33%,5.33
smash restaurant near me,1,12,8.33%,8
manassas halal food,1,12,8.33%,8.75
restaurants connecticut ave dc,1,12,8.33%,10.17
restaurants near odu campus,1,12,8.33%,10.17
smash patties near me,1,12,8.33%,16.08
food near me ellicott city,1,12,8.33%,17.83
best burger in dc,1,12,8.33%,23.17
fast food burgers near me,1,12,8.33%,26.42
restaurants glen allen virginia,1,12,8.33%,36.42
burger joints,1,12,8.33%,48
nash & mash,1,11,9.09%,1.27
burger and wings near me,1,11,9.09%,1.82
mooyah burger,1,11,9.09%,2.18
fried pickles,1,11,9.09%,3.82
burger nash,1,11,9.09%,4.09
late night eats near me,1,11,9.09%,7.73
best takeout near me,1,11,9.09%,8.09
peri peri original silver spring,1,11,9.09%,8.82
best burger dc,1,11,9.09%,33.09
restaurants in warrenton va,1,11,9.09%,41.91
bugers near me,1,11,9.09%,64.09
mash nash,1,11,9.09%,67.09
nashed and smashed ellicott city,1,10,10%,1.2
mac and cheese restaurant,1,10,10%,1.6
restaurants near me fast food,1,10,10%,2
poutine near me,1,10,10%,3.4
steak and cheese near me,1,10,10%,5.1
burgers and wings near me,1,10,10%,5.7
lunch special near me,1,10,10%,5.8
food open thanksgiving,1,10,10%,6.4
sub shops near me,1,10,10%,6.4
chelmsford halal,1,10,10%,7.2
doordash restaurants near me,1,10,10%,7.9
delivery food delivery near me,1,10,10%,8.3
fast food in glen allen,1,10,10%,8.6
hash smash,1,10,10%,10.5
fried chicken silver spring,1,10,10%,12.3
peri peri chicken near me,1,10,10%,16.5
richmond restaurants,1,10,10%,19.2
henrico va restaurants,1,10,10%,19.5
good burgers near me now,1,10,10%,20.5
best fried chicken in washington dc,1,10,10%,31.9
new restaurants ellicott city,1,10,10%,32.2
burger delivery near me,1,9,11.11%,1.33
restaurants near innsbrook richmond va,1,9,11.11%,2.33
best onion rings near me,1,9,11.11%,2.89
baked potatoes near me,1,9,11.11%,3.22
norfolk fast food restaurants,1,9,11.11%,5.89
smash and hash,1,9,11.11%,6
food near virginia center commons,1,9,11.11%,6.89
hot chicken,1,9,11.11%,7.33
tenleytown restaurants,1,9,11.11%,7.33
13436 new hampshire ave,1,9,11.11%,7.44
food near me right now,1,9,11.11%,7.44
halal restaurants silver spring md,1,9,11.11%,9.11
soup near me,1,9,11.11%,9.89
odu restaurants,1,9,11.11%,10.44
best burgers maryland,1,9,11.11%,11.44
steak,1,9,11.11%,13.56
halal chicken sandwich,1,9,11.11%,14.22
smashes burger,1,9,11.11%,15.11
nearest burger place,1,9,11.11%,23.44
food near me short pump,1,8,12.50%,3.5
paratha burger,1,8,12.50%,4.62
wings,1,8,12.50%,4.88
what should i eat,1,8,12.50%,5.12
fast food in blacksburg va,1,8,12.50%,5.38
mushroom burger,1,8,12.50%,5.5
dash smash burger,1,8,12.50%,6.62
delivery food near me open now,1,8,12.50%,7
restaurants near chevy chase,1,8,12.50%,7
silver dash,1,8,12.50%,7.38
best restaurants friendship heights,1,8,12.50%,7.75
halal food newport news,1,8,12.50%,8.25
23060 restaurants,1,8,12.50%,8.62
new restaurants henrico va,1,8,12.50%,8.75
mashed potatoes,1,8,12.50%,10.12
turkey smash burgers near me,1,8,12.50%,10.5
best burgers rva,1,8,12.50%,11
fried fish near me,1,8,12.50%,11.25
halal restaurant in manassas va,1,8,12.50%,11.38
best soul food near me,1,8,12.50%,13
food near me richmond va,1,8,12.50%,21.38
best restaurants in chevy chase,1,8,12.50%,25.12
peri.peri original,1,7,14.29%,2
restaurants near the avalon theater dc,1,7,14.29%,2.29
hampton fast food,1,7,14.29%,2.43
fried oreos,1,7,14.29%,3.14
pickle fries,1,7,14.29%,3.29
best lunch short pump va,1,7,14.29%,3.43
non chain restaurants near me,1,7,14.29%,4.14
turkey burger,1,7,14.29%,4.14
smash bruger,1,7,14.29%,4.43
restaurants near dc zoo,1,7,14.29%,6.14
best waffles near me,1,7,14.29%,7
cheesesteak,1,7,14.29%,7.43
burgers reston,1,7,14.29%,13.14
burgers place near me,1,7,14.29%,18.57
fries near me open now,1,7,14.29%,20.14
new restaurants in ellicott city,1,7,14.29%,37.86
best buffalo tenders near me,1,7,14.29%,66.14
smash nash burger,1,6,16.67%,1.67
nation smash,1,6,16.67%,1.83
restaurants near va center commons,1,6,16.67%,3
best chicken and waffles near me,1,6,16.67%,3.5
food places.near me,1,6,16.67%,3.67
7th st burger baltimore,1,6,16.67%,3.83
lamb burger near me,1,6,16.67%,4
nearby fast food,1,6,16.67%,4
waffles and chicken,1,6,16.67%,5.33
halal restaurants in columbia md,1,6,16.67%,5.67
cooked turkey near me,1,6,16.67%,6.83
halal.burger near me,1,6,16.67%,7
nash tenders,1,6,16.67%,7.5
delivery soul food near me,1,6,16.67%,8.17
best fast food burger near me,1,6,16.67%,10
food near hampton,1,6,16.67%,10
colesville center,1,6,16.67%,12.67
fried zucchini near me,1,6,16.67%,13.83
restaurants 23666,1,6,16.67%,15.5
smashburger near me menu,1,6,16.67%,15.67
best fried food near me,1,6,16.67%,16.33
burger near me now,1,6,16.67%,28.33
sandwiches near me now,1,6,16.67%,43.5
glenn allen restaurants,1,5,20%,1
original peri peri,1,5,20%,1
smash burgees,1,5,20%,1
best burger spot near me,1,5,20%,2
restaurants near avalon theater,1,5,20%,2.2
nash and smash.,1,5,20%,2.4
places eat near me,1,5,20%,3
best mac n cheese near me,1,5,20%,3.4
fast food.,1,5,20%,4.6
highest rated restaurants near me,1,5,20%,5
"fast food norfolk, va",1,5,20%,5.6
alexandria smash burger,1,5,20%,6
halal sliders,1,5,20%,7.4
gunston plaza restaurants,1,5,20%,8
restaurants in abingdon maryland,1,5,20%,8
best butger near me,1,5,20%,8.2
zabiha halal restaurant near me,1,5,20%,8.8
smash butgers,1,5,20%,9
food four corners,1,5,20%,11.2
hala food near me,1,5,20%,11.8
halal delight,1,5,20%,12.6
new hamburger place near me,1,5,20%,13
restaurants near hampton coliseum va,1,5,20%,13.2
sweet near me,1,5,20%,13.8
burger places near me open now,1,5,20%,21.6
cheap halal food near me,1,5,20%,25
halal tenders near me,1,5,20%,25.4
restaurants open on christmas day 2025 near me,1,4,25%,1.5
cleveland park restaurants,1,4,25%,1.75
restaurants fast food,1,4,25%,1.75
turkey burgers,1,4,25%,1.75
fast food jobs near me,1,4,25%,2.25
lunch glen allen,1,4,25%,2.25
smash burget,1,4,25%,2.5
paratha burger near me,1,4,25%,2.75
fast food rock hill sc,1,4,25%,3.5
best lunch spot near me,1,4,25%,4.25
turkey and dressing near me,1,4,25%,4.25
best hamburger restaurant near me,1,4,25%,4.5
smash burger abingdon,1,4,25%,4.5
take out restaurants near me,1,4,25%,5
fried okra near me,1,4,25%,5.5
strawberry milkshake near me,1,4,25%,6.25
good waffles near me,1,4,25%,7
food nesr me,1,4,25%,7.5
white oak restaurants,1,4,25%,7.75
nashville burger halal,1,4,25%,8.5
food near me baltimore,1,4,25%,10.25
good restaurants,1,4,25%,10.25
"best burgers in richmond, va",1,4,25%,12.25
places to eat federal hill,1,4,25%,13
abingdon restaurants va,1,4,25%,17.5
smash patty burger,1,4,25%,28.75
restaurants in woodbridge ct,1,4,25%,31.75
restaurant manassas,1,4,25%,33.25
chicken bucket,1,4,25%,85.75
best hand cut fries near me,1,3,33.33%,1
mac and cheese burgers,1,3,33.33%,1
peri peri silver spring md,1,3,33.33%,1
places near me to eat open now,1,3,33.33%,1
best shakes near me,1,3,33.33%,1.33
burgers and milkshakes,1,3,33.33%,1.33
good fries near me,1,3,33.33%,1.33
food near american university,1,3,33.33%,1.67
big burgers near me,1,3,33.33%,2
fresh cut fries,1,3,33.33%,2
healthy burgers near me,1,3,33.33%,2.33
chili dogs near me,1,3,33.33%,2.67
fast food neat me,1,3,33.33%,3.67
smash it,1,3,33.33%,3.67
rotisserie chicken near me,1,3,33.33%,4
salmon burger near me,1,3,33.33%,4.67
fast food deals near me,1,3,33.33%,5
burger places in chelmsford,1,3,33.33%,5.67
halal food spots,1,3,33.33%,6.33
butger near me,1,3,33.33%,6.67
food places open late,1,3,33.33%,6.67
chili cheese burger,1,3,33.33%,7
restaurants dc,1,3,33.33%,7.33
halal food places near me open now,1,3,33.33%,8.67
plant based restaurants near me,1,3,33.33%,9.33
family meals to go near me,1,3,33.33%,9.67
norfolk food,1,3,33.33%,9.67
take out restaurant near me,1,3,33.33%,9.67
chicken and mashed potatoes near me,1,3,33.33%,10
charles street food,1,3,33.33%,10.67
restaurants at short pump,1,3,33.33%,11.33
hot honey chicken near me,1,3,33.33%,16.33
fried chicken rockville,1,3,33.33%,16.67
food in virginia,1,3,33.33%,19.33
delivery fried chicken near me,1,3,33.33%,26.33
best buffalo chicken sandwich near me,1,3,33.33%,28
chase herndon,1,3,33.33%,30.33
fast food wings near me,1,3,33.33%,31.33
food near me short pump va,1,3,33.33%,31.67
dinner in ellicott city,1,3,33.33%,49.33
air fried hamburgers,1,3,33.33%,107
american fare restaurants near me,1,2,50%,1
best burgers by me,1,2,50%,1
best onion rings,1,2,50%,1
best reuben near me,1,2,50%,1
curbside pickup near me food,1,2,50%,1
food special near me,1,2,50%,1
gluten-free fast food near me,1,2,50%,1
loaded cheese fries near me,1,2,50%,1
mew restaurants near me,1,2,50%,1
places to eat near me now current location,1,2,50%,1
plant based burger near me,1,2,50%,1
restaurant turkey burger,1,2,50%,1
restaurants in innsbrook virginia,1,2,50%,1
tater tots fast food near me,1,2,50%,1
what is there to eat near me,1,2,50%,1
good lunch food near me,1,2,50%,1.5
prime rib near me,1,2,50%,1.5
restaurants in northwest dc,1,2,50%,1.5
salmon blt,1,2,50%,1.5
togo food near me,1,2,50%,1.5
best mac and cheese washington,1,2,50%,2